pair,location,state,basis_today,basis_d1,basis_w1,basis_m1,mean_3y,mean_5y,min_5y,max_5y,pctile_today,n_obs_5y
soja-b3,Ubiratã/PR,PR,-12.39,-11.62,-13.54,-13.72,-13.17,-11.53,-39.80,14.00,51.70,1203
soja-b3,Cândido Mota/SP,SP,-8.39,-7.62,-10.54,-12.72,-10.30,-9.34,-40.79,19.26,53.17,1200
soja-b3,Oeste da Bahia/BA,BA,-4.14,-4.12,-5.41,-4.72,-11.05,-11.15,-43.54,15.38,70.37,1198
soja-b3,Rio Verde/GO,GO,-14.39,-12.62,-14.54,-12.72,-15.37,-15.69,-47.79,9.00,53.35,1194
soja-b3,Não-Me-Toque/RS,RS,-11.39,-11.39,-11.07,-11.72,-9.81,-7.45,-37.79,19.00,35.41,1189
soja-b3,Pato Branco/PR,PR,-9.12,-9.12,-9.57,-11.22,-9.77,-8.26,-37.29,16.00,50.68,1182
soja-b3,Palma Sola/SC,SC,-9.12,-9.12,-9.50,-11.22,-9.68,-7.84,-36.29,18.00,49.58,1178
soja-b3,São Gabriel do Oeste/MS,MS,-6.39,-5.62,-7.54,-4.72,-12.06,-11.64,-45.20,14.80,61.98,1173
soja-b3,Maracaju/MS,MS,-5.89,-4.62,-6.54,-2.72,-10.29,-10.00,-42.79,17.95,58.87,1172
soja-b3,Campo Grande/MS,MS,-5.39,-4.12,-6.54,-3.72,-10.50,-10.19,-43.79,17.57,60.58,1172
soja-b3,Porto Paranaguá/PR,PR,10.11,10.88,10.96,12.78,5.80,6.68,-25.30,31.42,58.96,1172
soja-b3,Rio do Sul/SC,SC,-7.39,-6.62,-9.54,-9.72,-7.94,-6.38,-35.34,17.56,48.15,1165
soja-b3,Porto Rio Grande/RS,RS,10.11,11.88,10.96,12.78,6.60,7.52,-25.30,30.42,57.42,1165
soja-b3,Sorriso/MT,MT,-10.49,-9.52,-13.04,-15.42,-17.07,-17.76,-54.08,16.28,71.23,1161
soja-b3,Luís Eduardo Magalhães/BA,BA,-6.39,-5.62,-6.04,-7.72,-13.35,-13.09,-45.20,11.63,67.50,1160
soja-b3,Marechal Cândido Rondon/PR,PR,-12.39,-11.62,-13.54,-13.72,-13.26,-11.59,-39.79,14.00,52.11,1159
soja-b3,Campo Novo do Parecis/MT,MT,-10.39,-9.62,-13.54,-11.72,-19.43,-19.94,-52.79,20.39,76.42,1158
soja-b3,Tangará da Serra/MT,MT,-8.39,-7.62,-11.54,-9.72,-17.46,-18.11,-50.79,22.39,76.68,1158
soja-b3,Eldorado/MS,MS,-13.89,-14.12,-16.04,-17.72,-15.95,-14.64,-43.29,10.70,56.30,1158
soja-b3,Porto Santos/SP,SP,-2.39,-1.62,2.46,9.28,1.96,2.89,-27.76,34.93,31.84,1140
soja-b3,Jataí/GO,GO,-14.39,-12.62,-14.54,-12.72,-15.29,-15.54,-47.79,9.00,52.70,1131
soja-b3,Castro/PR,PR,-4.39,-3.62,-3.54,-0.72,-0.78,0.94,-26.79,27.92,34.22,1122
soja-b3,Rondonópolis/MT,MT,-2.35,-2.35,-1.54,-4.22,-6.94,-7.99,-43.29,27.30,65.50,1113
soja-b3,Itiquira/MT,MT,-6.35,-6.35,-3.64,-7.22,-10.23,-11.10,-46.79,23.40,63.07,1113
soja-b3,Alto Garças/MT,MT,-2.85,-2.85,-2.04,-4.72,-8.95,-10.03,-45.79,22.30,69.45,1113
soja-b3,Primavera do Leste/MT,MT,-4.35,-4.35,-3.54,-5.72,-11.01,-11.68,-47.09,22.30,68.91,1113
soja-b3,Brasília/DF,DF,-3.39,-2.62,-5.54,-3.72,-12.57,-12.65,-43.92,15.00,74.28,1073
soja-b3,Dourados/MS,MS,-4.39,-2.62,-3.54,-3.41,-8.75,-8.27,-41.71,22.19,57.85,956
soja-b3,Ponta Porã/MS,MS,-5.89,-4.62,-5.04,-4.41,-9.59,-9.05,-40.71,17.82,57.32,956
soja-b3,Sidrolândia/MS,MS,-5.39,-3.62,-5.54,-5.91,-10.27,-9.83,-42.79,19.69,59.27,955
soja-b3,Chapadão do Sul/MS,MS,-5.88,-5.88,-8.54,-8.61,-10.62,-10.62,-47.92,17.80,60.50,919
soja-b3,Londrina/PR,PR,-8.89,-8.89,-8.89,-8.89,-13.65,-10.77,-39.79,15.00,52.31,780
soja-b3,Nonoai/RS,RS,-9.62,-9.62,-11.00,-11.72,-9.42,-9.68,-26.74,6.22,52.23,762
soja-b3,Machado/MG,MG,-6.29,-6.29,-6.29,-6.29,-9.80,-11.62,-37.21,14.22,74.37,476
soja-b3,Ponta Grossa/PR,PR,-21.06,-21.06,-21.06,-21.06,,6.36,-30.09,28.62,5.73,384
soja-b3,Cascavel/PR,PR,-32.17,-32.17,-32.17,-32.17,,-4.63,-39.80,15.00,2.68,373
soja-b3,Panambi/RS,RS,-21.42,-21.42,-21.42,-21.42,,1.00,-22.89,19.00,2.75,364
soja-b3,Paranaguá/PR,PR,11.61,13.38,10.46,13.49,8.57,8.60,-11.18,24.77,61.74,298
soja-b3,Sonora/MS,MS,-7.39,-6.62,-7.54,-9.41,-12.65,-12.56,-32.86,4.49,70.03,297
soja-b3,Maringá/PR,PR,3.61,4.38,1.46,1.59,1.42,1.45,-16.38,17.42,59.32,295
soja-b3,Amambai/MS,MS,-12.28,-12.28,-12.28,-12.28,,0.79,-17.87,13.28,1.71,292
soja-b3,Santos,,-4.98,-4.98,-4.98,-4.98,-4.71,-4.71,-4.98,-4.44,50.00,2
soja-b3,Cafelândia/PR,PR,7.04,7.04,7.04,7.04,,,,,,0
soja-b3,Caarapó/MS,MS,12.50,12.50,12.50,12.50,,,,,,0
soja-b3,Assis/SP,SP,-1.81,-1.81,-1.81,-1.81,,,,,,0
soja-b3,Porto São Francisco do Sul/SC,SC,15.98,15.98,15.98,15.98,,,,,,0
soja-b3,Porto Imbituba/SC,SC,19.86,19.86,19.86,19.86,,,,,,0
soja-cbot,Ubiratã/PR,PR,-79.97,-82.06,-106.30,-98.61,-109.52,-103.11,-399.55,115.41,59.02,1203
soja-cbot,Cândido Mota/SP,SP,-45.24,-47.22,-80.13,-89.77,-85.23,-84.39,-394.85,167.30,61.83,1200
soja-cbot,Oeste da Bahia/BA,BA,-8.34,-16.74,-35.38,-18.99,-91.01,-99.95,-445.42,132.88,79.22,1198
soja-cbot,Rio Verde/GO,GO,-97.34,-90.77,-115.03,-89.77,-128.29,-139.49,-521.91,80.38,62.93,1195
soja-cbot,Não-Me-Toque/RS,RS,-81.31,-81.31,-82.70,-80.92,-80.44,-67.38,-360.82,167.57,43.73,1189
soja-cbot,Pato Branco/PR,PR,-60.29,-60.29,-69.56,-76.50,-80.87,-75.05,-376.02,133.52,55.92,1182
soja-cbot,Palma Sola/SC,SC,-60.29,-60.29,-69.64,-76.50,-80.19,-71.47,-366.61,155.00,55.18,1178
soja-cbot,São Gabriel do Oeste/MS,MS,-27.87,-29.81,-53.96,-18.99,-100.52,-104.59,-465.44,120.42,70.61,1174
soja-cbot,Maracaju/MS,MS,-23.53,-21.10,-45.23,-1.30,-85.71,-90.75,-451.32,145.88,67.83,1172
soja-cbot,Campo Grande/MS,MS,-19.19,-16.74,-45.23,-10.15,-87.23,-92.17,-446.61,140.93,69.20,1172
soja-cbot,Porto Paranaguá/PR,PR,115.40,113.90,107.44,135.82,52.09,54.51,-225.73,259.13,70.62,1171
soja-cbot,Rio do Sul/SC,SC,-36.56,-38.52,-71.41,-63.23,-64.38,-58.44,-371.32,152.45,58.63,1165
soja-cbot,Porto Rio Grande/RS,RS,115.40,122.61,107.44,135.82,59.41,62.34,-225.73,241.91,72.25,1164
soja-cbot,Luís Eduardo Magalhães/BA,BA,-27.87,-29.81,-40.87,-45.53,-110.79,-117.10,-437.20,108.00,78.98,1161
soja-cbot,Sorriso/MT,MT,-63.47,-63.77,-101.94,-113.65,-143.07,-157.93,-575.28,131.02,78.62,1160
soja-cbot,Campo Novo do Parecis/MT,MT,-62.61,-64.64,-106.30,-80.92,-163.61,-177.18,-540.73,160.65,81.97,1159
soja-cbot,Tangará da Serra/MT,MT,-45.24,-47.22,-88.86,-63.23,-146.93,-161.36,-521.91,176.25,82.48,1159
soja-cbot,Marechal Cândido Rondon/PR,PR,-79.97,-82.06,-106.30,-98.61,-110.41,-103.93,-399.55,115.41,59.24,1158
soja-cbot,Eldorado/MS,MS,-93.00,-103.84,-128.12,-134.00,-133.51,-130.49,-432.49,86.19,62.92,1157
soja-cbot,Porto Santos/SP,SP,6.86,5.03,33.29,104.86,19.88,23.99,-254.96,308.13,42.03,1142
soja-cbot,Jataí/GO,GO,-97.34,-90.77,-115.03,-89.77,-127.36,-138.08,-521.91,80.38,62.37,1132
soja-cbot,Castro/PR,PR,-10.51,-12.39,-19.06,16.39,-4.36,5.07,-296.02,241.81,48.09,1125
soja-cbot,Rondonópolis/MT,MT,2.75,2.75,-1.61,-14.57,-57.74,-74.41,-474.85,219.91,72.44,1114
soja-cbot,Itiquira/MT,MT,-32.27,-32.27,-19.93,-41.11,-85.63,-101.19,-503.09,188.87,69.12,1114
soja-cbot,Alto Garças/MT,MT,-1.63,-1.63,-5.97,-18.99,-74.51,-91.93,-493.67,180.12,76.93,1114
soja-cbot,Primavera do Leste/MT,MT,-14.76,-14.76,-19.06,-27.84,-92.13,-106.17,-512.50,180.12,77.11,1114
soja-cbot,Brasília/DF,DF,-1.82,-3.68,-36.51,-10.15,-104.01,-113.79,-456.03,132.88,82.20,1073
soja-cbot,Dourados/MS,MS,-10.51,-3.68,-19.06,-4.99,-72.37,-74.86,-437.20,193.18,66.28,958
soja-cbot,Ponta Porã/MS,MS,-23.53,-21.10,-32.15,-13.79,-79.43,-81.57,-437.20,149.60,65.14,958
soja-cbot,Sidrolândia/MS,MS,-19.19,-12.39,-36.51,-26.98,-85.28,-88.28,-456.03,171.68,67.82,957
soja-cbot,Chapadão do Sul/MS,MS,-35.33,-35.33,-62.68,-50.73,-87.43,-95.06,-460.14,144.30,65.69,921
soja-cbot,Londrina/PR,PR,-71.29,-71.29,-71.29,-71.29,-118.84,-102.69,-399.55,124.46,55.64,780
soja-cbot,Nonoai/RS,RS,-64.64,-64.64,-82.87,-80.92,-77.18,-81.34,-297.31,53.23,58.98,763
soja-cbot,Machado/MG,MG,-67.38,-67.38,-67.38,-67.38,-82.28,-102.68,-329.77,120.12,68.21,475
soja-cbot,Ponta Grossa/PR,PR,-187.20,-187.20,-187.20,-187.20,,43.78,-309.03,247.75,5.97,385
soja-cbot,Cascavel/PR,PR,-319.50,-319.50,-319.50,-319.50,,-51.02,-356.05,124.46,2.14,373
soja-cbot,Panambi/RS,RS,-194.24,-194.24,-194.24,-194.24,,-1.47,-202.34,167.57,2.20,364
soja-cbot,Paranaguá/PR,PR,128.42,135.68,103.08,143.65,79.14,79.38,-100.57,207.79,71.14,298
soja-cbot,Sonora/MS,MS,-36.56,-38.52,-53.96,-57.77,-102.33,-101.65,-295.24,42.09,76.77,297
soja-cbot,Maringá/PR,PR,58.96,57.29,24.56,38.98,17.78,18.05,-148.32,161.77,68.14,295
soja-cbot,Amambai/MS,MS,-109.07,-109.07,-109.07,-109.07,,-5.57,-187.89,124.53,6.85,292
soja-cbot,Santos,,-16.10,-16.10,-16.10,-16.10,-12.96,-12.96,-16.10,-9.82,50.00,2
soja-cbot,Cafelândia/PR,PR,63.19,63.19,63.19,63.19,,,,,,0
soja-cbot,Caarapó/MS,MS,99.62,99.62,99.62,99.62,,,,,,0
soja-cbot,Assis/SP,SP,-14.64,-14.64,-14.64,-14.64,,,,,,0
soja-cbot,Porto São Francisco do Sul/SC,SC,133.57,133.57,133.57,133.57,,,,,,0
soja-cbot,Porto Imbituba/SC,SC,169.52,169.52,169.52,169.52,,,,,,0
milho-b3,Ubiratã/PR,PR,-17.67,-17.19,-17.52,-14.59,-14.70,-12.88,-23.38,-2.32,11.76,1233
milho-b3,Campinas/SP,SP,-3.67,-4.19,-5.52,0.41,-0.17,-0.55,-11.30,12.92,11.39,1229
milho-b3,Itapetininga/SP,SP,-9.67,-10.19,-9.52,-5.59,-4.28,-4.38,-16.30,11.92,3.58,1229
milho-b3,Cândido Mota/SP,SP,-16.67,-16.19,-17.52,-13.59,-11.57,-10.83,-22.76,0.95,2.93,1229
milho-b3,Oeste da Bahia/BA,BA,-10.34,-9.86,-12.19,-9.59,-8.24,-10.34,-25.40,6.45,48.12,1226
milho-b3,Pato Branco/PR,PR,-10.19,-10.19,-12.84,-10.59,-9.83,-8.88,-19.16,-0.32,32.87,1211
milho-b3,Rio Verde/GO,GO,-15.67,-16.19,-17.52,-10.59,-12.93,-13.53,-21.71,1.95,27.73,1208
milho-b3,Palma Sola/SC,SC,-12.19,-12.19,-16.69,-10.59,-8.67,-7.36,-18.30,2.58,10.94,1207
milho-b3,Não-Me-Toque/RS,RS,-11.03,-11.03,-20.30,-13.59,-8.84,-7.07,-21.69,1.58,18.11,1204
milho-b3,Porto Santos/SP,SP,-4.67,-5.19,-5.52,2.41,-1.78,-1.25,-18.40,11.50,19.62,1198
milho-b3,Rio do Sul/SC,SC,-7.67,-8.19,-11.52,-9.59,-6.15,-5.30,-18.90,3.95,25.90,1189
milho-b3,Marechal Cândido Rondon/PR,PR,-17.67,-17.19,-17.52,-14.59,-14.62,-12.79,-23.38,-2.32,11.79,1187
milho-b3,Eldorado/MS,MS,-19.17,-19.69,-21.02,-18.09,-17.61,-16.16,-26.88,-5.82,22.51,1186
milho-b3,Campo Novo do Parecis/MT,MT,-19.67,-20.19,-24.52,-24.59,-20.28,-20.24,-36.16,3.03,62.84,1184
milho-b3,Tangará da Serra/MT,MT,-17.67,-18.19,-22.52,-22.59,-18.28,-18.20,-35.10,5.03,62.92,1184
milho-b3,Luís Eduardo Magalhães/BA,BA,-8.67,-9.19,-12.52,-7.59,-7.95,-10.13,-24.75,8.30,56.83,1172
milho-b3,Maracaju/MS,MS,-15.67,-16.19,-19.52,-20.59,-13.60,-13.83,-24.89,2.28,34.29,1155
milho-b3,Campo Grande/MS,MS,-16.67,-17.19,-20.52,-22.59,-14.09,-14.25,-25.89,2.28,29.35,1155
milho-b3,São Gabriel do Oeste/MS,MS,-16.67,-17.19,-20.52,-22.59,-14.65,-14.67,-25.88,2.92,30.12,1152
milho-b3,Sorriso/MT,MT,-22.67,-22.69,-25.92,-24.49,-22.25,-22.77,-37.29,-2.18,50.04,1149
milho-b3,Jataí/GO,GO,-15.67,-16.19,-17.52,-10.59,-12.96,-13.51,-21.71,1.95,27.64,1147
milho-b3,Alto Garças/MT,MT,-20.03,-20.03,-21.52,-19.59,-15.18,-15.72,-30.31,6.92,13.66,1135
milho-b3,Primavera do Leste/MT,MT,-20.03,-20.03,-22.02,-20.09,-17.28,-17.49,-30.81,3.42,27.22,1135
milho-b3,Rondonópolis/MT,MT,-14.53,-14.53,-17.72,-16.59,-11.85,-12.38,-25.31,13.42,38.77,1135
milho-b3,Itiquira/MT,MT,-19.53,-19.53,-22.52,-20.59,-16.37,-16.69,-28.31,5.42,23.96,1135
milho-b3,Castro/PR,PR,-7.67,-8.19,-10.52,-9.59,-5.10,-3.71,-15.15,5.35,15.83,1131
milho-b3,Porto Paranaguá/PR,PR,0.33,-0.19,-2.52,1.41,-1.40,0.23,-13.29,11.76,47.57,1051
milho-b3,Machado/MG,MG,-6.67,-7.19,-10.52,-10.59,-6.14,-6.34,-16.75,5.95,46.25,947
milho-b3,Londrina/PR,PR,-15.48,-15.48,-15.48,-15.48,-13.81,-11.46,-23.38,-1.32,13.50,800
milho-b3,Nonoai/RS,RS,-10.19,-10.19,-18.69,-12.59,-8.99,-8.56,-21.90,0.26,36.38,778
milho-b3,Dourados/MS,MS,-1.19,-1.19,-1.19,-1.19,-8.89,-8.33,-21.88,0.75,98.46,712
milho-b3,Brasília/DF,DF,-11.19,-11.19,-13.52,-15.59,-11.94,-12.57,-21.88,7.81,67.79,711
milho-b3,Ponta Grossa/PR,PR,-6.86,-6.86,-6.86,-6.86,,-4.28,-12.50,3.41,19.14,397
milho-b3,Cascavel/PR,PR,-12.25,-12.25,-12.25,-12.25,,-9.45,-16.73,-0.55,24.02,383
milho-b3,Panambi/RS,RS,-2.20,-2.20,-2.20,-2.20,,-4.94,-12.69,0.47,87.94,373
milho-b3,Amambai/MS,MS,-14.08,-14.08,-14.08,-14.08,,-12.95,-20.49,-5.71,29.67,300
milho-b3,Cafelândia/PR,PR,-9.60,-9.60,-9.60,-9.60,,,,,,0
milho-b3,Assis/SP,SP,-0.40,-0.40,-0.40,-0.40,,,,,,0
milho-cbot,Ubiratã/PR,PR,-60.12,-55.15,-55.97,-39.85,-21.24,-34.87,-235.79,144.68,24.61,1203
milho-cbot,Campinas/SP,SP,53.34,50.53,41.75,84.00,94.01,64.07,-170.54,225.45,38.05,1201
milho-cbot,Itapetininga/SP,SP,4.72,1.75,9.18,34.46,61.24,33.11,-201.87,206.34,28.89,1201
milho-cbot,Cândido Mota/SP,SP,-52.01,-47.02,-55.97,-31.60,3.44,-18.62,-228.12,144.68,27.02,1199
milho-cbot,Oeste da Bahia/BA,BA,-0.71,4.43,-12.57,1.43,30.69,-13.86,-263.55,181.64,48.37,1197
milho-cbot,Rio Verde/GO,GO,-43.91,-47.02,-55.97,-6.83,-7.20,-40.56,-296.48,93.71,41.28,1192
milho-cbot,Porto Santos/SP,SP,45.24,42.40,41.75,100.51,81.86,59.18,-114.41,214.66,35.30,1187
milho-cbot,Pato Branco/PR,PR,1.75,1.75,-12.56,-6.83,17.19,-3.41,-209.78,160.26,44.50,1182
milho-cbot,Palma Sola/SC,SC,-14.51,-14.51,-10.25,-6.83,26.30,8.86,-192.68,160.76,24.19,1178
milho-cbot,Não-Me-Toque/RS,RS,-2.29,-2.29,-37.47,-31.60,25.04,11.12,-219.26,149.72,32.37,1174
milho-cbot,Campo Novo do Parecis/MT,MT,-76.33,-79.54,-112.97,-122.42,-67.83,-96.15,-343.27,125.06,60.10,1163
milho-cbot,Tangará da Serra/MT,MT,-60.12,-63.28,-96.68,-105.91,-52.01,-79.74,-325.55,139.84,59.76,1163
milho-cbot,Rio do Sul/SC,SC,20.93,18.01,-7.11,1.43,45.79,24.38,-254.69,160.76,37.50,1160
milho-cbot,Marechal Cândido Rondon/PR,PR,-60.12,-55.15,-55.97,-39.85,-21.17,-35.34,-235.79,144.68,25.22,1158
milho-cbot,Eldorado/MS,MS,-72.27,-75.47,-84.47,-68.75,-45.11,-62.67,-266.13,117.42,34.75,1157
milho-cbot,Luís Eduardo Magalhães/BA,BA,12.82,9.88,-15.25,17.95,32.23,-14.23,-263.55,201.20,55.77,1153
milho-cbot,São Gabriel do Oeste/MS,MS,-52.01,-55.15,-80.39,-105.91,-23.41,-51.83,-316.69,144.34,42.81,1133
milho-cbot,Jataí/GO,GO,-43.91,-47.02,-55.97,-6.83,-7.19,-39.59,-296.48,93.71,40.78,1133
milho-cbot,Maracaju/MS,MS,-43.91,-47.02,-72.25,-89.39,-14.08,-44.91,-290.44,136.98,42.09,1131
milho-cbot,Campo Grande/MS,MS,-52.01,-55.15,-80.39,-105.91,-18.01,-48.33,-299.27,136.98,40.32,1131
milho-cbot,Castro/PR,PR,20.93,18.01,1.03,1.43,55.04,41.13,-166.11,176.16,25.11,1131
milho-cbot,Sorriso/MT,MT,-100.64,-99.86,-124.37,-121.60,-84.32,-117.91,-364.08,94.09,59.29,1120
milho-cbot,Alto Garças/MT,MT,-75.84,-75.84,-88.54,-81.14,-29.14,-61.97,-314.92,169.39,37.79,1114
milho-cbot,Itiquira/MT,MT,-71.75,-71.75,-96.68,-89.39,-38.50,-69.71,-316.69,158.31,44.43,1114
milho-cbot,Primavera do Leste/MT,MT,-75.84,-75.84,-92.61,-85.27,-45.66,-76.09,-324.66,143.53,43.99,1114
milho-cbot,Rondonópolis/MT,MT,-30.89,-30.89,-57.60,-56.37,-2.93,-35.00,-241.40,217.42,48.74,1114
milho-cbot,Porto Paranaguá/PR,PR,85.76,83.04,66.18,92.26,88.28,69.32,-139.54,194.63,59.49,1027
milho-cbot,Machado/MG,MG,29.03,26.14,1.03,-6.83,49.92,15.85,-250.26,144.34,53.03,924
milho-cbot,Londrina/PR,PR,55.06,55.06,55.06,55.06,-29.64,-44.74,-236.94,152.47,92.71,782
milho-cbot,Nonoai/RS,RS,1.75,1.75,-26.71,-23.34,23.61,18.54,-140.71,90.61,32.11,763
milho-cbot,Brasília/DF,DF,-6.38,-6.38,-23.40,-48.11,-5.10,-39.51,-232.30,176.11,66.57,700
milho-cbot,Dourados/MS,MS,104.76,104.76,104.76,104.76,10.49,-2.40,-203.34,145.37,94.11,696
milho-cbot,Ponta Grossa/PR,PR,-203.37,-203.37,-203.37,-203.37,,9.28,-206.11,161.20,0.52,386
milho-cbot,Cascavel/PR,PR,-187.31,-187.31,-187.31,-187.31,,-24.28,-187.31,152.44,0.27,374
milho-cbot,Panambi/RS,RS,-25.70,-25.70,-25.70,-25.70,,16.72,-147.61,149.72,18.73,363
milho-cbot,Amambai/MS,MS,-41.99,-41.99,-41.99,-41.99,,-47.25,-220.01,98.18,56.85,292
milho-cbot,Cafelândia/PR,PR,120.57,120.57,120.57,120.57,,,,,,0
milho-cbot,Assis/SP,SP,29.23,29.23,29.23,29.23,,,,,,0
trigo-cbot,Ubiratã/PR,PR,2.97,5.32,-14.02,-73.56,28.19,6.17,-528.45,232.23,42.70,1192
trigo-cbot,Pato Branco/PR,PR,31.44,31.44,11.11,-64.72,32.75,9.59,-555.36,267.27,59.73,1182
trigo-cbot,Palma Sola/SC,SC,14.02,14.02,-2.71,-64.72,28.24,7.19,-555.36,267.27,49.32,1178
trigo-cbot,Não-Me-Toque/RS,RS,-36.19,-36.19,-135.49,-135.49,-20.10,-34.21,-573.29,188.98,48.42,1171
trigo-cbot,Marechal Cândido Rondon/PR,PR,2.97,5.32,-14.02,-73.56,28.51,5.38,-528.45,232.23,43.52,1158
trigo-cbot,Castro/PR,PR,30.76,33.19,13.90,-64.72,83.43,79.03,-345.50,271.56,25.97,1136
trigo-cbot,Londrina/PR,PR,49.34,49.34,49.34,49.34,23.53,-7.81,-528.45,232.23,74.71,783
trigo-cbot,Nonoai/RS,RS,-61.17,-61.17,-61.17,-135.49,-22.05,-24.12,-156.45,91.65,22.82,758
trigo-cbot,Cascavel/PR,PR,42.40,42.40,42.40,42.40,,-0.72,-528.45,267.27,63.37,374
trigo-cbot,Ponta Grossa/PR,PR,286.96,286.96,286.96,286.96,,59.64,-510.52,342.61,94.23,364
trigo-cbot,Panambi/RS,RS,31.80,31.80,31.80,31.80,,-61.07,-572.93,189.15,86.23,363
trigo-cbot,Cafelândia/PR,PR,22.49,22.49,22.49,22.49,,,,,,0
trigo-cbot,Rio do Sul/SC,SC,-38.52,-38.52,-38.52,-38.52,,,,,,0
algodao-nybot,Oeste da Bahia/BA,BA,-86.76,-81.41,-94.62,-102.50,-95.04,-106.07,-250.37,-33.85,67.68,1188
algodao-nybot,Sorriso/MT,MT,-94.33,-89.40,-102.09,-111.39,-103.03,-102.47,-217.02,-0.53,56.24,1170
algodao-nybot,Estado de São Paulo,,-98.16,-98.16,-98.16,-98.16,,,,,,0
cafe-b3,Varginha/MG,MG,-199.90,-200.58,-151.84,-109.16,-164.92,-134.62,-466.92,198.84,19.29,1239
cafe-b3,Guaxupé/MG,MG,-305.68,-305.68,-140.84,-158.16,-208.14,-167.40,-472.92,44.70,6.58,1231
cafe-b3,Franca/SP,SP,-179.90,-180.58,-201.84,-159.16,-152.46,-123.57,-466.92,168.84,19.43,1230
cafe-b3,Campos Gerais/MG,MG,-134.90,-140.58,-121.84,-150.16,-172.06,-135.98,-486.92,136.70,41.50,1229
cafe-b3,Poços de Caldas/MG,MG,-329.90,-330.58,-291.84,-239.16,-206.37,-167.62,-586.92,179.62,6.04,1225
cafe-b3,Patrocínio/MG,MG,-119.90,-180.58,-161.84,-159.16,-163.60,-141.16,-486.92,121.70,57.02,1210
cafe-b3,Esp. Sto. do Pinhal/SP,SP,-754.43,-754.43,-754.43,-754.43,-295.66,-192.04,-1270.08,-23.35,4.28,865
cafe-b3,Machado/MG,MG,-219.90,-220.58,-191.84,-219.16,-222.67,-222.67,-421.97,28.84,54.29,175
cafe-nybot,Varginha/MG,MG,-363.82,-364.18,-216.37,-469.82,-571.56,-422.75,-175453.00,21.98,22.48,1210
cafe-nybot,Guaxupé/MG,MG,-444.49,-444.49,-205.37,-518.82,-616.64,-455.65,-175542.00,6.98,16.22,1202
cafe-nybot,Franca/SP,SP,-343.82,-344.18,-266.37,-519.82,-560.16,-411.63,-175453.00,41.98,23.65,1201
cafe-nybot,Campos Gerais/MG,MG,-298.82,-304.18,-186.37,-510.82,-578.93,-425.07,-175409.00,10.98,38.67,1200
cafe-nybot,Poços de Caldas/MG,MG,-493.82,-494.18,-356.37,-599.82,-617.04,-456.54,-175473.00,6.98,11.45,1196
cafe-nybot,Patrocínio/MG,MG,-283.82,-344.18,-226.37,-519.82,-575.10,-432.46,-175433.00,21.98,42.42,1181
cafe-nybot,Esp. Sto. do Pinhal/SP,SP,-856.96,-856.96,-856.96,-856.96,-431.91,-312.45,-1456.17,-28.02,5.69,843
cafe-nybot,Machado/MG,MG,-383.82,-384.18,-256.37,-579.82,-1394.01,-1394.01,-175563.00,-179.03,41.62,173
boi-gordo-b3,Indicador ESALQ/SP,SP,-17.95,-19.15,-2.65,-10.75,-0.60,-0.45,-28.35,36.80,2.02,1240
boi-gordo-b3,Acre,AC,-69.32,-69.32,-50.78,-53.98,-55.28,-55.28,-83.05,-38.13,16.03,156
boi-gordo-b3,Alagoas,AL,-37.15,-37.15,-15.95,-20.98,-15.84,-15.84,-44.05,4.90,6.41,156
boi-gordo-b3,BA Oeste,,-44.82,-44.82,-29.12,-33.32,-34.82,-34.82,-57.92,-19.17,7.05,156
boi-gordo-b3,ES,,-41.48,-41.48,-22.62,-28.32,-33.44,-33.44,-58.25,-16.57,21.15,156
boi-gordo-b3,BA Sul,,-45.82,-45.82,-30.45,-34.65,-39.24,-39.24,-60.25,-25.12,21.79,156
boi-gordo-b3,GO Goiânia,,-47.15,-47.15,-27.12,-33.32,-27.86,-27.86,-47.15,-13.97,1.28,156
boi-gordo-b3,GO Reg. Sul,,-49.98,-49.98,-27.12,-34.98,-28.25,-28.25,-49.98,-11.97,1.28,156
boi-gordo-b3,MA Oeste,,-44.82,-44.82,-23.62,-27.32,-23.31,-23.31,-48.22,-5.05,3.21,156
boi-gordo-b3,MG B.Horizonte,,-34.82,-34.82,-20.62,-26.65,-26.87,-26.87,-43.32,-5.98,18.59,156
boi-gordo-b3,MG Norte,,-43.48,-43.48,-20.62,-26.65,-29.59,-29.59,-45.17,-10.97,2.56,156
boi-gordo-b3,MG Sul,,-45.82,-45.82,-30.45,-30.98,-30.90,-30.90,-51.08,-16.60,3.21,156
boi-gordo-b3,MG Triângulo,,-41.82,-41.82,-24.95,-29.32,-27.87,-27.87,-43.15,-12.65,1.28,156
boi-gordo-b3,MS C. Grande,,-35.82,-35.82,-19.28,-24.65,-18.32,-18.32,-39.05,-4.63,1.92,156
boi-gordo-b3,MS Dourados,,-33.48,-33.48,-15.95,-22.32,-17.83,-17.83,-39.05,-3.72,3.85,156
boi-gordo-b3,MS Três Lagoas,,-38.82,-38.82,-20.62,-27.32,-20.64,-20.64,-41.72,-6.63,1.92,156
boi-gordo-b3,MT Cuiabá*,,-56.98,-56.98,-36.45,-37.32,-22.59,-22.59,-57.65,2.20,1.28,156
boi-gordo-b3,MT Norte,,-55.98,-55.98,-35.78,-38.65,-23.32,-23.32,-57.98,1.87,1.28,156
boi-gordo-b3,MT Sudeste,,-57.32,-57.32,-39.12,-39.32,-22.94,-22.94,-58.65,0.95,1.28,156
boi-gordo-b3,MT Sudoeste,,-60.32,-60.32,-39.12,-41.65,-24.66,-24.66,-60.98,0.95,1.28,156
boi-gordo-b3,PA Marabá,,-43.15,-43.15,-25.62,-31.32,-23.33,-23.33,-44.05,-3.97,3.85,156
boi-gordo-b3,PA Paragominas,,-42.82,-42.82,-20.62,-19.15,-16.96,-16.96,-42.82,1.95,1.28,156
boi-gordo-b3,PA Redenção,,-42.48,-42.48,-24.62,-31.32,-24.58,-24.58,-49.08,-5.55,9.62,156
boi-gordo-b3,PR Noroeste,,-29.82,-29.82,-10.28,-13.82,-13.51,-13.51,-34.25,3.20,2.56,156
boi-gordo-b3,RJ,,-35.82,-35.82,-16.28,-20.98,-18.80,-18.80,-38.75,-3.97,1.92,156
boi-gordo-b3,RO Sudeste,,-54.65,-54.65,-34.78,-39.32,-35.11,-35.11,-66.55,-11.67,11.54,156
boi-gordo-b3,RS Oeste,,-203.90,-203.90,-179.70,-174.65,-171.52,-171.52,-203.90,-145.10,1.28,156
boi-gordo-b3,RS Pelotas,,-200.40,-200.40,-176.20,-172.65,-171.66,-171.66,-201.75,-144.10,1.92,156
boi-gordo-b3,Roraima,RR,-57.32,-57.32,-34.45,-28.32,-36.08,-36.08,-86.42,3.90,29.49,156
boi-gordo-b3,SC,,-33.15,-33.15,-11.28,-10.82,-10.14,-10.14,-35.48,5.23,1.28,156
boi-gordo-b3,SP Araçatuba,,-33.48,-33.48,-15.62,-23.32,-11.89,-11.89,-34.82,5.87,1.28,156
boi-gordo-b3,SP Barretos,,-33.48,-33.48,-15.62,-23.32,-11.89,-11.89,-34.82,5.87,1.28,156
boi-gordo-b3,TO Norte,,-45.48,-45.48,-24.28,-29.65,-26.25,-26.25,-48.05,-7.30,2.56,156
boi-gordo-b3,TO Sul,,-46.82,-46.82,-27.12,-31.32,-28.06,-28.06,-50.72,-12.67,1.92,156
